[
  {
    "id": "a6705ee4-c102-45c1-9f2f-f091cfc8ab80",
    "data": [
      {
        "text": "e",
        "userDefined": false
      }
    ],
    "isTemplate": false,
    "count": 0,
    "lang": "en",
    "updated": 0
  },
  {
    "id": "b10034e4-8c22-4db1-bfc9-dbe7f3362d77",
    "data": [
      {
        "text": "eeeeee",
        "userDefined": false
      }
    ],
    "isTemplate": false,
    "count": 0,
    "lang": "en",
    "updated": 0
  },
  {
    "id": "85b91372-97f2-43fc-9655-583159b379db",
    "data": [
      {
        "text": "eeee",
        "userDefined": false
      }
    ],
    "isTemplate": false,
    "count": 0,
    "lang": "en",
    "updated": 0
  },
  {
    "id": "d8850b85-5a89-4c14-b0da-6a9a24c7eab6",
    "data": [
      {
        "text": "ê",
        "userDefined": false
      }
    ],
    "isTemplate": false,
    "count": 0,
    "lang": "en",
    "updated": 0
  },
  {
    "id": "607938a9-c6e8-4128-aea8-4189bd9e5a09",
    "data": [
      {
        "text": "chào",
        "userDefined": false
      }
    ],
    "isTemplate": false,
    "count": 0,
    "lang": "en",
    "updated": 0
  },
  {
    "id": "ed66d178-a9b3-4c5a-91c1-34d995dfee7c",
    "data": [
      {
        "text": "chào",
        "meta": "@sys.ignore",
        "userDefined": false
      },
      {
        "text": " bot",
        "userDefined": false
      }
    ],
    "isTemplate": false,
    "count": 0,
    "lang": "en",
    "updated": 0
  },
  {
    "id": "89b77b49-0a07-4d75-871f-06ac048f3144",
    "data": [
      {
        "text": "hey",
        "userDefined": false
      }
    ],
    "isTemplate": false,
    "count": 0,
    "lang": "en",
    "updated": 0
  },
  {
    "id": "d22e6aaa-85fb-4813-add1-003534f8eee2",
    "data": [
      {
        "text": ".",
        "userDefined": false
      }
    ],
    "isTemplate": false,
    "count": 0,
    "lang": "en",
    "updated": 0
  },
  {
    "id": "aa48d47e-2079-4444-b37d-a0ab82c888c9",
    "data": [
      {
        "text": "hello",
        "userDefined": false
      }
    ],
    "isTemplate": false,
    "count": 0,
    "lang": "en",
    "updated": 0
  },
  {
    "id": "802aba6d-9e19-4598-becc-3eb4bbc0b574",
    "data": [
      {
        "text": "hi",
        "userDefined": false
      }
    ],
    "isTemplate": false,
    "count": 0,
    "lang": "en",
    "updated": 0
  }
]