[
  {
    "id": "84c60567-998e-4ef9-9f40-97d349133de1",
    "data": [
      {
        "text": "ưu đãi",
        "userDefined": false
      }
    ],
    "isTemplate": false,
    "count": 0,
    "lang": "en",
    "updated": 0
  },
  {
    "id": "1a7d00ea-2cbe-485e-a042-186e058f0451",
    "data": [
      {
        "text": "tặng",
        "meta": "@sys.ignore",
        "userDefined": false
      },
      {
        "text": " kèm gì",
        "userDefined": false
      }
    ],
    "isTemplate": false,
    "count": 0,
    "lang": "en",
    "updated": 0
  },
  {
    "id": "ba83cb52-de58-41ab-9cec-6df2922e592f",
    "data": [
      {
        "text": "có",
        "meta": "@sys.ignore",
        "userDefined": false
      },
      {
        "text": " giảm giá không",
        "userDefined": false
      }
    ],
    "isTemplate": false,
    "count": 0,
    "lang": "en",
    "updated": 0
  },
  {
    "id": "8ef9a0a8-37c9-47ba-8440-aaaff6c7ae5a",
    "data": [
      {
        "text": "giảm giá",
        "userDefined": false
      }
    ],
    "isTemplate": false,
    "count": 0,
    "lang": "en",
    "updated": 0
  },
  {
    "id": "c10222ce-58e9-496c-937a-fe3ee7313a79",
    "data": [
      {
        "text": "Ưu đãi như ",
        "userDefined": false
      },
      {
        "text": "thế",
        "meta": "@sys.ignore",
        "userDefined": false
      },
      {
        "text": " nào",
        "userDefined": false
      }
    ],
    "isTemplate": false,
    "count": 0,
    "lang": "en",
    "updated": 0
  }
]