[
  {
    "id": "2c82e1f1-760c-460e-b480-4cd7c2664707",
    "data": [
      {
        "text": "lấy",
        "meta": "@sys.ignore",
        "userDefined": false
      }
    ],
    "isTemplate": false,
    "count": 0,
    "lang": "en",
    "updated": 0
  },
  {
    "id": "5075c4db-aee1-423d-a671-c9fb9331bfd3",
    "data": [
      {
        "text": "lấy ",
        "userDefined": false
      },
      {
        "text": "sản phẩm",
        "meta": "@sys.ignore",
        "userDefined": false
      }
    ],
    "isTemplate": false,
    "count": 0,
    "lang": "en",
    "updated": 0
  },
  {
    "id": "785908b1-8ee1-4ea0-a2f8-d85a998fdf09",
    "data": [
      {
        "text": "sẽ mua",
        "userDefined": false
      }
    ],
    "isTemplate": false,
    "count": 0,
    "lang": "en",
    "updated": 0
  },
  {
    "id": "4b23b007-6e14-4a7f-8881-d90373a18ee9",
    "data": [
      {
        "text": "chốt ",
        "userDefined": false
      },
      {
        "text": "sản phẩm",
        "meta": "@sys.ignore",
        "userDefined": false
      }
    ],
    "isTemplate": false,
    "count": 0,
    "lang": "en",
    "updated": 0
  },
  {
    "id": "3c44bdb3-15e3-410c-89b8-26109a3deb04",
    "data": [
      {
        "text": "mua ",
        "userDefined": false
      },
      {
        "text": "sản phẩm",
        "meta": "@sys.ignore",
        "userDefined": false
      }
    ],
    "isTemplate": false,
    "count": 0,
    "lang": "en",
    "updated": 0
  },
  {
    "id": "b298eef0-6f9c-4fe3-8490-76a8cee81227",
    "data": [
      {
        "text": "chốt",
        "userDefined": false
      }
    ],
    "isTemplate": false,
    "count": 0,
    "lang": "en",
    "updated": 0
  },
  {
    "id": "aaf80f55-7b6a-470d-a776-80a04101198e",
    "data": [
      {
        "text": "mua",
        "userDefined": false
      }
    ],
    "isTemplate": false,
    "count": 0,
    "lang": "en",
    "updated": 0
  }
]