[
  {
    "id": "60853f77-70b5-4899-8979-f3275cbdf21c",
    "data": [
      {
        "text": "xem ",
        "userDefined": false
      },
      {
        "text": "màu của",
        "meta": "@sys.ignore",
        "userDefined": false
      },
      {
        "text": " laptop",
        "userDefined": false
      }
    ],
    "isTemplate": false,
    "count": 0,
    "lang": "en",
    "updated": 0
  },
  {
    "id": "bea0fc79-27fc-478f-aa59-d1ccf4857245",
    "data": [
      {
        "text": "màu",
        "meta": "@sys.ignore",
        "userDefined": false
      },
      {
        "text": " của laptop",
        "userDefined": false
      }
    ],
    "isTemplate": false,
    "count": 0,
    "lang": "en",
    "updated": 0
  },
  {
    "id": "4f925313-84a5-4076-84b4-05e33e37cd42",
    "data": [
      {
        "text": "màu",
        "userDefined": false
      }
    ],
    "isTemplate": false,
    "count": 0,
    "lang": "en",
    "updated": 0
  },
  {
    "id": "348be287-d327-45ee-bfe9-e2e2140d37d5",
    "data": [
      {
        "text": "laptop có ",
        "userDefined": false
      },
      {
        "text": "những màu",
        "meta": "@sys.ignore",
        "userDefined": false
      },
      {
        "text": " gì",
        "userDefined": false
      }
    ],
    "isTemplate": false,
    "count": 0,
    "lang": "en",
    "updated": 0
  },
  {
    "id": "bac2b959-ba07-4d07-9491-81d91baf2e62",
    "data": [
      {
        "text": "màu",
        "meta": "@sys.ignore",
        "userDefined": false
      },
      {
        "text": " gì",
        "userDefined": false
      }
    ],
    "isTemplate": false,
    "count": 0,
    "lang": "en",
    "updated": 0
  },
  {
    "id": "e1d59207-11e2-402d-9227-3affbcc11a21",
    "data": [
      {
        "text": "laptop ",
        "userDefined": false
      },
      {
        "text": "có",
        "meta": "@sys.ignore",
        "userDefined": false
      },
      {
        "text": " màu gì",
        "userDefined": false
      }
    ],
    "isTemplate": false,
    "count": 0,
    "lang": "en",
    "updated": 0
  }
]