[
  {
    "id": "555c2faf-6e58-41fb-84f1-82e897502501",
    "data": [
      {
        "text": "thông số",
        "userDefined": false
      }
    ],
    "isTemplate": false,
    "count": 0,
    "lang": "en",
    "updated": 0
  },
  {
    "id": "aec5f65a-7557-4018-90b2-9701d8876438",
    "data": [
      {
        "text": "chi tiết",
        "meta": "@sys.ignore",
        "userDefined": false
      }
    ],
    "isTemplate": false,
    "count": 0,
    "lang": "en",
    "updated": 0
  },
  {
    "id": "ed219621-1a3d-48bb-a2cd-8fb439a755a3",
    "data": [
      {
        "text": "số liệu",
        "userDefined": false
      }
    ],
    "isTemplate": false,
    "count": 0,
    "lang": "en",
    "updated": 0
  },
  {
    "id": "e83d184c-f765-45ad-8f62-20406e0b9406",
    "data": [
      {
        "text": "Cấu hình",
        "meta": "@sys.ignore",
        "userDefined": false
      },
      {
        "text": " máy",
        "userDefined": false
      }
    ],
    "isTemplate": false,
    "count": 0,
    "lang": "en",
    "updated": 0
  }
]