[
  {
    "id": "407d7b54-ff65-476a-9376-7f5ed68702bf",
    "data": [
      {
        "text": "macbook air 2020",
        "meta": "@sys.ignore",
        "userDefined": true
      },
      {
        "text": " còn hàng không",
        "userDefined": false
      }
    ],
    "isTemplate": false,
    "count": 0,
    "lang": "en",
    "updated": 0
  },
  {
    "id": "b00f1c05-1b55-456e-9ca5-a0abf1fa80f8",
    "data": [
      {
        "text": "sản phẩm còn ",
        "userDefined": false
      },
      {
        "text": "hàng không",
        "meta": "@sys.ignore",
        "userDefined": false
      }
    ],
    "isTemplate": false,
    "count": 0,
    "lang": "en",
    "updated": 0
  },
  {
    "id": "f8be04fb-0e65-4d78-b3ba-5352254c4745",
    "data": [
      {
        "text": "còn không",
        "userDefined": false
      }
    ],
    "isTemplate": false,
    "count": 0,
    "lang": "en",
    "updated": 0
  },
  {
    "id": "b75a848e-7085-47f0-af4b-3d2ae83bdf46",
    "data": [
      {
        "text": "laptop ",
        "userDefined": false
      },
      {
        "text": "còn không",
        "meta": "@sys.ignore",
        "userDefined": false
      }
    ],
    "isTemplate": false,
    "count": 0,
    "lang": "en",
    "updated": 0
  },
  {
    "id": "84a925f9-b32f-455f-9b8e-83da48f459fe",
    "data": [
      {
        "text": "còn ",
        "userDefined": false
      },
      {
        "text": "hàng không",
        "meta": "@sys.ignore",
        "userDefined": false
      }
    ],
    "isTemplate": false,
    "count": 0,
    "lang": "en",
    "updated": 0
  }
]