[
  {
    "id": "63530b25-d0c8-4402-9645-e7e960b8b053",
    "data": [
      {
        "text": "tìm",
        "meta": "@sys.ignore",
        "userDefined": false
      }
    ],
    "isTemplate": false,
    "count": 0,
    "lang": "en",
    "updated": 0
  },
  {
    "id": "31fba842-3afb-4d1d-a9ad-f552bd971b0a",
    "data": [
      {
        "text": "tìm",
        "meta": "@sys.ignore",
        "userDefined": false
      },
      {
        "text": " ",
        "userDefined": false
      },
      {
        "text": "sản phẩm",
        "meta": "@sys.ignore",
        "userDefined": false
      }
    ],
    "isTemplate": false,
    "count": 0,
    "lang": "en",
    "updated": 0
  }
]