[
  {
    "id": "54fa5441-fa0a-43f6-9098-11d0716d9bb1",
    "data": [
      {
        "text": "xấp xỉ ",
        "userDefined": false
      },
      {
        "text": "20M",
        "meta": "@number",
        "alias": "number",
        "userDefined": true
      }
    ],
    "isTemplate": false,
    "count": 0,
    "lang": "en",
    "updated": 0
  },
  {
    "id": "c48b2929-1915-4d22-99fe-38e4bdc62f3b",
    "data": [
      {
        "text": "khoảng ",
        "userDefined": false
      },
      {
        "text": "10M",
        "meta": "@number",
        "alias": "number",
        "userDefined": true
      }
    ],
    "isTemplate": false,
    "count": 0,
    "lang": "en",
    "updated": 0
  },
  {
    "id": "ef70c978-ea09-4aab-8450-44728f89b1fc",
    "data": [
      {
        "text": "từ ",
        "userDefined": false
      },
      {
        "text": "10M",
        "meta": "@number",
        "alias": "number1",
        "userDefined": true
      },
      {
        "text": " đến ",
        "userDefined": false
      },
      {
        "text": "30M",
        "meta": "@number",
        "alias": "number2",
        "userDefined": true
      }
    ],
    "isTemplate": false,
    "count": 0,
    "lang": "en",
    "updated": 0
  },
  {
    "id": "fedd8d0c-048a-4557-9c66-f819a7f57867",
    "data": [
      {
        "text": "khoảng ",
        "userDefined": false
      },
      {
        "text": "2M",
        "meta": "@number",
        "alias": "number1",
        "userDefined": true
      },
      {
        "text": " đến ",
        "userDefined": false
      },
      {
        "text": "3M",
        "meta": "@number",
        "alias": "number2",
        "userDefined": true
      }
    ],
    "isTemplate": false,
    "count": 0,
    "lang": "en",
    "updated": 0
  },
  {
    "id": "6048b987-7293-401f-bc95-f4b94eec4818",
    "data": [
      {
        "text": "khoảng ",
        "userDefined": false
      },
      {
        "text": "9M",
        "meta": "@number",
        "alias": "number1",
        "userDefined": true
      },
      {
        "text": " - ",
        "userDefined": false
      },
      {
        "text": "10M",
        "meta": "@number",
        "alias": "number2",
        "userDefined": true
      }
    ],
    "isTemplate": false,
    "count": 0,
    "lang": "en",
    "updated": 0
  },
  {
    "id": "b0987ef1-62e0-4fdd-b13d-583c3c8dd154",
    "data": [
      {
        "text": "9000000",
        "meta": "@number",
        "alias": "number1",
        "userDefined": true
      },
      {
        "text": " - ",
        "userDefined": false
      },
      {
        "text": "10000000",
        "meta": "@number",
        "alias": "number2",
        "userDefined": true
      }
    ],
    "isTemplate": false,
    "count": 0,
    "lang": "en",
    "updated": 0
  },
  {
    "id": "350b23c5-aa01-4a5f-9670-e7427a60f20d",
    "data": [
      {
        "text": "9m",
        "meta": "@number",
        "alias": "number1",
        "userDefined": false
      },
      {
        "text": " - ",
        "userDefined": false
      },
      {
        "text": "10m",
        "meta": "@number",
        "alias": "number2",
        "userDefined": false
      }
    ],
    "isTemplate": false,
    "count": 0,
    "lang": "en",
    "updated": 0
  },
  {
    "id": "e4667124-efbf-4055-8252-a0650350dc6b",
    "data": [
      {
        "text": "corei5",
        "meta": "@cpu",
        "alias": "cpu",
        "userDefined": true
      }
    ],
    "isTemplate": false,
    "count": 0,
    "lang": "en",
    "updated": 0
  },
  {
    "id": "b0b40adc-1df3-408c-bc22-3dbf8f25e10b",
    "data": [
      {
        "text": "cpu",
        "meta": "@sys.ignore",
        "userDefined": true
      },
      {
        "text": " ",
        "userDefined": false
      },
      {
        "text": "core i5",
        "meta": "@cpu",
        "alias": "cpu",
        "userDefined": true
      }
    ],
    "isTemplate": false,
    "count": 0,
    "lang": "en",
    "updated": 0
  },
  {
    "id": "c5422b02-ba6b-40b8-83c7-fefab1c86c4a",
    "data": [
      {
        "text": "macbook",
        "meta": "@company",
        "alias": "company",
        "userDefined": true
      }
    ],
    "isTemplate": false,
    "count": 0,
    "lang": "en",
    "updated": 0
  },
  {
    "id": "947b8b5b-7ea5-4986-91a5-2974c949f63a",
    "data": [
      {
        "text": "Ram",
        "meta": "@sys.ignore",
        "userDefined": true
      },
      {
        "text": " ",
        "userDefined": false
      },
      {
        "text": "4gb",
        "meta": "@ram",
        "alias": "ram",
        "userDefined": true
      }
    ],
    "isTemplate": false,
    "count": 0,
    "lang": "en",
    "updated": 0
  },
  {
    "id": "15c31de5-7a6b-42c0-ae58-fe42d6c8203c",
    "data": [
      {
        "text": "Laptop của ",
        "userDefined": false
      },
      {
        "text": "mac",
        "meta": "@company",
        "alias": "company",
        "userDefined": true
      }
    ],
    "isTemplate": false,
    "count": 0,
    "lang": "en",
    "updated": 0
  }
]