[
  {
    "id": "a250688f-1332-471a-87ff-005fade3123f",
    "data": [
      {
        "text": "xem laptop ",
        "userDefined": false
      },
      {
        "text": "macbook air 2021",
        "meta": "@laptop",
        "alias": "laptop",
        "userDefined": true
      }
    ],
    "isTemplate": false,
    "count": 0,
    "lang": "en",
    "updated": 0
  },
  {
    "id": "a5d83295-bc45-453f-87ca-280e14c5da47",
    "data": [
      {
        "text": "Macbook M1 2020",
        "meta": "@laptop",
        "alias": "laptop",
        "userDefined": true
      }
    ],
    "isTemplate": false,
    "count": 0,
    "lang": "en",
    "updated": 0
  },
  {
    "id": "66d4fd5a-2af4-4131-aa93-4b5e68dd1915",
    "data": [
      {
        "text": "tôi muốn xem ",
        "userDefined": false
      },
      {
        "text": "Macbook M1 2020",
        "meta": "@laptop",
        "alias": "laptop",
        "userDefined": true
      }
    ],
    "isTemplate": false,
    "count": 0,
    "lang": "en",
    "updated": 0
  },
  {
    "id": "b6bf547f-282c-437c-a009-c4ac0380a4fe",
    "data": [
      {
        "text": "cho",
        "meta": "@sys.ignore",
        "userDefined": false
      },
      {
        "text": " xem ",
        "userDefined": false
      },
      {
        "text": "Macbook M1 2020",
        "meta": "@laptop",
        "alias": "laptop",
        "userDefined": true
      }
    ],
    "isTemplate": false,
    "count": 0,
    "lang": "en",
    "updated": 0
  },
  {
    "id": "9d47b99d-1d42-4a06-921a-ee3b1aaf3cc7",
    "data": [
      {
        "text": "cho",
        "meta": "@sys.ignore",
        "userDefined": false
      },
      {
        "text": " tôi xem ",
        "userDefined": false
      },
      {
        "text": "Macbook M1 2020",
        "meta": "@laptop",
        "alias": "laptop",
        "userDefined": true
      }
    ],
    "isTemplate": false,
    "count": 0,
    "lang": "en",
    "updated": 0
  },
  {
    "id": "4a2c9f3f-8528-454d-ba45-bf0fae00d388",
    "data": [
      {
        "text": "xem ",
        "userDefined": false
      },
      {
        "text": "Macbook M1 2020",
        "meta": "@laptop",
        "alias": "laptop",
        "userDefined": true
      }
    ],
    "isTemplate": false,
    "count": 1,
    "lang": "en",
    "updated": 0
  }
]