[
  {
    "id": "eb61fea9-7ae2-4a35-95c0-f517131d0a4c",
    "data": [
      {
        "text": "laptop ",
        "userDefined": false
      },
      {
        "text": "nổi",
        "meta": "@sys.ignore",
        "userDefined": false
      },
      {
        "text": " bật",
        "userDefined": false
      }
    ],
    "isTemplate": false,
    "count": 0,
    "lang": "en",
    "updated": 0
  },
  {
    "id": "6b273bd0-884c-4624-965d-59281b452971",
    "data": [
      {
        "text": "laptop ",
        "userDefined": false
      },
      {
        "text": "gần",
        "meta": "@sys.ignore",
        "userDefined": false
      },
      {
        "text": " đây",
        "userDefined": false
      }
    ],
    "isTemplate": false,
    "count": 0,
    "lang": "en",
    "updated": 0
  },
  {
    "id": "fe7c9d3c-4a8b-49da-a09e-b6eb5f1b1c68",
    "data": [
      {
        "text": "sản phẩm",
        "meta": "@sys.ignore",
        "userDefined": false
      },
      {
        "text": " gần đây",
        "userDefined": false
      }
    ],
    "isTemplate": false,
    "count": 0,
    "lang": "en",
    "updated": 0
  },
  {
    "id": "0f5645b3-962a-4fe6-a21d-3ba49e0068f4",
    "data": [
      {
        "text": "gợi ý ",
        "userDefined": false
      },
      {
        "text": "sản phẩm",
        "meta": "@sys.ignore",
        "userDefined": false
      }
    ],
    "isTemplate": false,
    "count": 0,
    "lang": "en",
    "updated": 0
  },
  {
    "id": "339ef9a5-41cb-4435-a287-b7a7d5e59cb8",
    "data": [
      {
        "text": "gợi ",
        "userDefined": false
      },
      {
        "text": "ý",
        "meta": "@sys.ignore",
        "userDefined": false
      },
      {
        "text": " laptop",
        "userDefined": false
      }
    ],
    "isTemplate": false,
    "count": 0,
    "lang": "en",
    "updated": 0
  },
  {
    "id": "ea5c69a1-4d20-4ff8-889b-e914b7339c56",
    "data": [
      {
        "text": "đề",
        "meta": "@sys.ignore",
        "userDefined": false
      },
      {
        "text": " xuất",
        "userDefined": false
      }
    ],
    "isTemplate": false,
    "count": 0,
    "lang": "en",
    "updated": 0
  }
]